Type,Percentage
Pointing,0.272727273
Pitch,0.031818182
Miming,0.145454545
Movement,0.031818182
Voice Only,0.518